Aviary Name,Cage
Sun Conure  Aviary,A01
Sun Conure  Aviary,A02
Sun Conure  Aviary,A03
Sun Conure  Aviary,A04
Sun Conure  Aviary,A05
Sun Conure  Aviary,A06
Sun Conure  Aviary,A07
Sun Conure  Aviary,A08
Sun Conure  Aviary,A09
Sun Conure  Aviary,A10
Sun Conure  Aviary,A11
Sun Conure  Aviary,A12
Sun Conure  Aviary,A13
Sun Conure  Aviary,A14
Sun Conure  Aviary,A15
Sun Conure  Aviary,A16
Sun Conure  Aviary,A17
Sun Conure  Aviary,A18
Sun Conure  Aviary,A19
Sun Conure  Aviary,A20
Sun Conure  Aviary,A21
Garden,A22
Garden,A23
Garden,A24
Sun Conure  Aviary,A25
Sun Conure  Aviary,A26
Sun Conure  Aviary,A27
Sun Conure  Aviary,A28
Sun Conure  Aviary,A29
Garden,A30
Sun Conure  Aviary,A31
Sun Conure  Aviary,A32
Sun Conure  Aviary,A33
Sun Conure  Aviary,A34
Sun Conure  Aviary,A35
Sun Conure  Aviary,A36
Sun Conure  Aviary,A37
Sun Conure  Aviary,A38
Sun Conure  Aviary,A39
Sun Conure  Aviary,A40
Sun Conure  Aviary,A41
Sun Conure  Aviary,A42
Sun Conure  Aviary,A43
Sun Conure  Aviary,A44
Sun Conure  Aviary,A45
Sun Conure  Aviary,A46
Sun Conure  Aviary,A47
Sun Conure  Aviary,A48
Sun Conure  Aviary,A49
Sun Conure  Aviary,A50
Sun Conure  Aviary,A51
Sun Conure  Aviary,A52
Sun Conure  Aviary,A53
Sun Conure  Aviary,A54
Sun Conure  Aviary,A55
Sun Conure  Aviary,A56
Sun Conure  Aviary,B01
Sun Conure  Aviary,B02
Sun Conure  Aviary,B03
Sun Conure  Aviary,B04
Sun Conure  Aviary,B05
Sun Conure  Aviary,B06
Sun Conure  Aviary,B07
Sun Conure  Aviary,B08
Sun Conure  Aviary,B09
Sun Conure  Aviary,B10
Sun Conure  Aviary,B11
Sun Conure  Aviary,B12
Sun Conure  Aviary,B13
Sun Conure  Aviary,B14
Sun Conure  Aviary,B15
Sun Conure  Aviary,B16
Sun Conure  Aviary,B17
Sun Conure  Aviary,B18
Sun Conure  Aviary,B19
Sun Conure  Aviary,B20
Sun Conure  Aviary,B21
Sun Conure  Aviary,B22
Sun Conure  Aviary,B23
Sun Conure  Aviary,B24
Sun Conure  Aviary,B25
Sun Conure  Aviary,B26
Sun Conure  Aviary,B27
Sun Conure  Aviary,B28
Sun Conure  Aviary,B29
Sun Conure  Aviary,B30
Sun Conure  Aviary,B31
Sun Conure  Aviary,B32
Sun Conure  Aviary,B33
Garden,B34
Sun Conure  Aviary,B35
Sun Conure  Aviary,B36
Sun Conure  Aviary,B37
Sun Conure  Aviary,B38
Garden,B39
Sun Conure  Aviary,B40
Sun Conure  Aviary,B41
Sun Conure  Aviary,B42
Sun Conure  Aviary,B43
Sun Conure  Aviary,B44
Sun Conure  Aviary,B45
Sun Conure  Aviary,B46
Sun Conure  Aviary,B47
Sun Conure  Aviary,B48
Sun Conure  Aviary,B49
Sun Conure  Aviary,B50
Sun Conure  Aviary,B51
Sun Conure  Aviary,B52
Sun Conure  Aviary,B53
Sun Conure  Aviary,B54
Sun Conure  Aviary,B55
Sun Conure  Aviary,B56
Cockatoo Aviary,C01
Macaw Aviary,C02
Cockatoo Aviary,C03
Cockatoo Aviary,C04
Cockatoo Aviary,C05
Cockatoo Aviary,C06
Cockatoo Aviary,C08
Macaw Aviary,C09
Macaw Aviary,C10
Macaw Aviary,C11
Macaw Aviary,C12
Macaw Aviary,C13
Macaw Aviary,C16
Lory Aviary,C17
Lory Aviary,C18
Lory Aviary,C19
Cockatoo Aviary,C20
Cockatoo Aviary,C21
Cockatoo Aviary,C22
Cockatoo Aviary,C23
Cockatoo Aviary,C24
Cockatoo Aviary,C25
Cockatoo Aviary,C26
Cockatoo Aviary,C27
Cockatoo Aviary,C28
Cockatoo Aviary,C29
Cockatoo Aviary,C30
Cockatoo Aviary,C31
Cockatoo Aviary,C32
Cockatoo Aviary,C33
Cockatoo Aviary,C34
Cockatoo Aviary,C35
Cockatoo Aviary,C36
Cockatoo Aviary,C37
Cockatoo Aviary,C38
Cockatoo Aviary,C39
Cockatoo Aviary,C40
Cockatoo Aviary,C41
Cockatoo Aviary,C42
Cockatoo Aviary,C43
Cockatoo Aviary,C44
Cockatoo Aviary,C45
Lory Aviary,D01
Lory Aviary,D02
Lory Aviary,D03
Lory Aviary,D04
Lory Aviary,D05
Lory Aviary,D06
Lory Aviary,D07
Lory Aviary,D08
Lory Aviary,D09
Lory Aviary,D10
Garden,D11
Lory Aviary,D12
Lory Aviary,D13
Lory Aviary,D14
Lory Aviary,D15
Lory Aviary,D16
Lory Aviary,D17
Lory Aviary,D18
Lory Aviary,D19
Lory Aviary,D20
Lory Aviary,D21
Lory Aviary,D22
Lory Aviary,D23
Lory Aviary,D24
Lory Aviary,D25
Lory Aviary,D26
Lory Aviary,D27
Lory Aviary,D28
Lory Aviary,D29
Lory Aviary,D30
Lory Aviary,D31
Lory Aviary,D32
Lory Aviary,D33
Lory Aviary,D34
Lory Aviary,D35
Lory Aviary,D36
Lory Aviary,D37
Lory Aviary,D38
Lory Aviary,D39
Lory Aviary,D40
Lory Aviary,D41
Lory Aviary,D42
Garden,D43
Lory Aviary,D44
Garden,D45
Garden,D46
Garden,D47
Garden,D48
Lory Aviary,E01
Lory Aviary,E02
Lory Aviary,E03
Lory Aviary,E04
Lory Aviary,E05
Lory Aviary,E06
Lory Aviary,E07
Lory Aviary,E08
Lory Aviary,E09
Lory Aviary,E10
Lory Aviary,E11
Lory Aviary,E12
Lory Aviary,E13
Lory Aviary,E14
Lory Aviary,E15
Lory Aviary,E16
Lory Aviary,E17
Lory Aviary,E18
Lory Aviary,E19
Lory Aviary,E20
Lory Aviary,E21
Lory Aviary,E22
Lory Aviary,E23
Lory Aviary,E24
Lory Aviary,E25
Lory Aviary,E26
Lory Aviary,E27
Lory Aviary,E28
Lory Aviary,E29
Lory Aviary,E30
Lory Aviary,E31
Lory Aviary,E32
Lory Aviary,E33
Lory Aviary,E34
Lory Aviary,E35
Lory Aviary,E36
Lory Aviary,E37
Lory Aviary,E38
Lory Aviary,E39
Lory Aviary,E40
Lory Aviary,E41
Lory Aviary,E42
Lory Aviary,E43
Garden,E44
Garden,E45
Garden,E46
Garden,E47
Garden,E48
Lory Aviary,F01
Lory Aviary,F02
Lory Aviary,F03
Lory Aviary,F04
Garden,F05
Lory Aviary,F06
Lory Aviary,F07
Lory Aviary,F08
Lory Aviary,F09
Lory Aviary,F10
Lory Aviary,F11
Lory Aviary,F12
Lory Aviary,F13
Lory Aviary,F14
Lory Aviary,F15
Lory Aviary,F16
Lory Aviary,F17
Lory Aviary,F19
Lory Aviary,F20
Lory Aviary,F21
Lory Aviary,F22
Lory Aviary,F23
Lory Aviary,F24
Lory Aviary,F25
Lory Aviary,F26
Lory Aviary,F27
Lory Aviary,F28
Lory Aviary,F29
Lory Aviary,F30
Lory Aviary,F31
Lory Aviary,F32
Lory Aviary,F33
Lory Aviary,F34
Lory Aviary,F35
Lory Aviary,F36
Lory Aviary,F37
Lory Aviary,F38
Lory Aviary,F39
Lory Aviary,F40
Lory Aviary,F41
Lory Aviary,F42
Lory Aviary,F43
Lory Aviary,F44
Lory Aviary,F45
Lory Aviary,F46
Lory Aviary,F47
Lory Aviary,F48
Lory Aviary,G03
Lory Aviary,G04
Lory Aviary,G05
Lory Aviary,G06
Lory Aviary,G07
Lory Aviary,G08
Lory Aviary,G09
Lory Aviary,G11
Lory Aviary,G12
Lory Aviary,G17
Lory Aviary,G18
Lory Aviary,G19
Lory Aviary,G21
Lory Aviary,G22
Lory Aviary,G23
Lory Aviary,G24
Lory Aviary,G25
Lory Aviary,G26
Lory Aviary,G28
Lory Aviary,G29
Lory Aviary,G30
Lory Aviary,G31
Lory Aviary,G32
Lory Aviary,G34
Lory Aviary,G35
Lory Aviary,G38
Lory Aviary,G40
Lory Aviary,G41
Lory Aviary,G42
Lory Aviary,G43
Lory Aviary,G44
Lory Aviary,G45
Lory Aviary,G46
Lory Aviary,G47
Lory Aviary,G48
Lory Aviary,H01
Lory Aviary,H02
Lory Aviary,H03
Lory Aviary,H04
Lory Aviary,H05
Lory Aviary,H06
Lory Aviary,H07
Lory Aviary,H08
Lory Aviary,H09
Lory Aviary,H10
Lory Aviary,H11
Lory Aviary,H12
Lory Aviary,H13
Lory Aviary,H14
Lory Aviary,H15
Lory Aviary,H16
Lory Aviary,H17
Lory Aviary,H18
Garden,H19
Garden,H20
Garden,H21
Garden,H22
Lory Aviary,H23
Lory Aviary,H24
Garden,H25
Garden,H26
Lory Aviary,I 01
Lory Aviary,I 02
Lory Aviary,I 03
Lory Aviary,I 04
Lory Aviary,I 05
Lory Aviary,I 06
Lory Aviary,I 07
Lory Aviary,I 08
Lory Aviary,I 09
Lory Aviary,I 10
Lory Aviary,I 11
Lory Aviary,I11
Lory Aviary,I 12
Lory Aviary,I 13
Lory Aviary,I13
Lory Aviary,I 14
Lory Aviary,I 15
Lory Aviary,I 16
Lory Aviary,I17
Lory Aviary,I 17
Lory Aviary,I 18
Lory Aviary,I 19
Lory Aviary,I 20
Lory Aviary,I 21
Lory Aviary,I 22
Lory Aviary,J01
Lory Aviary,J02
Lory Aviary,J03
Lory Aviary,J04
Lory Aviary,J05
Lory Aviary,J06
Lory Aviary,J07
Lory Aviary,J08
Lory Aviary,J09
Lory Aviary,J10
Lory Aviary,J11
Lory Aviary,J12
Lory Aviary,J13
Lory Aviary,J14
Lory Aviary,J15
Lory Aviary,J16
Lory Aviary,J17
Lory Aviary,J18
Lory Aviary,J19
Lory Aviary,J20
Lory Aviary,J21
Lory Aviary,J22
Lory Aviary,K01
Lory Aviary,K02
Lory Aviary,K03
Lory Aviary,K04
Lory Aviary,K05
Lory Aviary,K06
Lory Aviary,K07
Lory Aviary,K08
Lory Aviary,K09
Lory Aviary,K10
Lory Aviary,K11
Lory Aviary,K12
Lory Aviary,K13
Lory Aviary,K14
Lory Aviary,K15
Lory Aviary,K16
Lory Aviary,K17
Lory Aviary,K18
Lory Aviary,K19
Lory Aviary,K20
Lory Aviary,K21
Lory Aviary,K22
Macaw Aviary,M02
Macaw Aviary,M03
Macaw Aviary,M04
Macaw Aviary,M05
Macaw Aviary,M06
Macaw Aviary,M07
Macaw Aviary,M08
Macaw Aviary,M09
Macaw Aviary,M10
Macaw Aviary,M11
Macaw Aviary,M12
Macaw Aviary,M13
Macaw Aviary,M16
Macaw Aviary,M17
Macaw Aviary,M18
Macaw Aviary,M19
Macaw Aviary,M21
Macaw Aviary,M23
Macaw Aviary,M24
Macaw Aviary,M25
Macaw Aviary,M26
Macaw Aviary,Treatment
School,S3
School,S4
School,S5
School,S6
School,S7
School,S8
School,S9
School,S10
School,S11
School,S12
School,S13
School,S14
School,S15
School,S16
School,S19
School,S20
School,S18
School,S17
School,
School,S21
School,Travel Cage 1
School,Travel Cage 2
School,Travel Cage 3
School,Travel Cage 4
School,Travel Cage 5
Garden,C07
Garden,C14
Garden,C15
Guest house,G2
Guest house,G3
Solai,S2
Solai,S09
Thenral,T01
Thenral,T02
Thenral,T03
Thenral,T04
Thenral,T05
Thenral,T06
Thenral,T07
Thenral,T08
Thenral,T09
Thenral,T10
Thenral,T11
Vasantham,V09
Vasantham,V01
Vasantham,V02
Vasantham,V03
Vasantham,V04
Vasantham,V05
Vasantham,V06
Vasantham,V07
Vasantham,V08
Vasantham,V10
Vasantham,V11
Vasantham,V12
Vasantham,V13
Vasantham,V14
Vasantham,V15
Vasantham,V16
Vasantham,V17
Vasantham,V18
Vasantham,V19
Vasantham,V20
Vasantham,V21
